Date,site,depth,perm.quadrat,cattletag,transect.meter.mark,unique.quad,height
June,DC,SH,3,5,,1,113.5
June,DC,SH,3,5,,1,131.5
June,DC,SH,3,5,,1,105
June,DC,SH,3,5,,1,117
June,DC,SH,3,5,,1,131.5
June,DC,SH,3,17,,2,112.5
June,DC,SH,3,17,,2,96
June,DC,SH,3,17,,2,71
June,DC,SH,3,17,,2,93.5
June,DC,SH,3,17,,2,78
June,DC,SH,3,31,,3,84.5
June,DC,SH,3,31,,3,74.5
June,DC,SH,3,31,,3,66.5
June,DC,SH,3,31,,3,40
June,DC,SH,3,31,,3,62.5
June,DC,SH,3,28,,4,84
June,DC,SH,3,28,,4,98
June,DC,SH,3,28,,4,71
June,DC,SH,3,28,,4,81.5
June,DC,SH,3,28,,4,71.5
June,DC,SH,3,18,,5,56
June,DC,SH,3,18,,5,102.5
June,DC,SH,3,18,,5,41
June,DC,SH,3,18,,5,92
June,DC,SH,3,18,,5,74.5
June,DC,SH,3,13,,6,105
June,DC,SH,3,13,,6,97
June,DC,SH,3,13,,6,101.5
June,DC,SH,3,13,,6,116.5
June,DC,SH,3,13,,6,57.5
June,DC,SH,3,34,,7,120
June,DC,SH,3,34,,7,96
June,DC,SH,3,34,,7,92.5
June,DC,SH,3,34,,7,129
June,DC,SH,3,34,,7,98
June,DC,SH,1,3,,8,65
June,DC,SH,1,3,,8,88.5
June,DC,SH,1,3,,8,60
June,DC,SH,1,3,,8,66.5
June,DC,SH,1,3,,8,49
June,DC,SH,1,14,,9,74.5
June,DC,SH,1,14,,9,63
June,DC,SH,1,14,,9,79
June,DC,SH,1,14,,9,101
June,DC,SH,1,14,,9,63
June,DC,SH,1,73,,10,67.5
June,DC,SH,1,73,,10,58
June,DC,SH,1,73,,10,56
June,DC,SH,1,73,,10,57.5
June,DC,SH,1,73,,10,47
June,DC,SH,1,72,,11,58
June,DC,SH,1,72,,11,72
June,DC,SH,1,72,,11,74
June,DC,SH,1,72,,11,30
June,DC,SH,1,72,,11,38
June,DC,SH,1,8,,12,88.5
June,DC,SH,1,8,,12,65.5
June,DC,SH,1,8,,12,58.5
June,DC,SH,1,8,,12,92
June,DC,SH,1,8,,12,51
June,DC,SH,1,12,,13,81.5
June,DC,SH,1,12,,13,80.5
June,DC,SH,1,12,,13,92
June,DC,SH,1,12,,13,71
June,DC,SH,1,12,,13,70
June,DC,SH,1,47,,14,78
June,DC,SH,1,47,,14,47.5
June,DC,SH,1,47,,14,60
June,DC,SH,1,47,,14,73
June,DC,SH,1,47,,14,61.5
June,DC,SH,2,70,,15,74.5
June,DC,SH,2,70,,15,67.5
June,DC,SH,2,70,,15,91
June,DC,SH,2,70,,15,84.5
June,DC,SH,2,70,,15,65
June,DC,SH,2,66,,16,61
June,DC,SH,2,66,,16,76
June,DC,SH,2,66,,16,82
June,DC,SH,2,66,,16,65
June,DC,SH,2,66,,16,97
June,DC,SH,2,74,,17,88.5
June,DC,SH,2,74,,17,110
June,DC,SH,2,74,,17,60
June,DC,SH,2,74,,17,63
June,DC,SH,2,74,,17,86
June,DC,SH,2,59,,18,46.5
June,DC,SH,2,59,,18,103
June,DC,SH,2,59,,18,72
June,DC,SH,2,59,,18,83.5
June,DC,SH,2,59,,18,102.5
June,DC,SH,2,44,,19,94.5
June,DC,SH,2,44,,19,83.5
June,DC,SH,2,44,,19,29
June,DC,SH,2,44,,19,62
June,DC,SH,2,44,,19,66
June,DC,SH,2,67,,20,87.5
June,DC,SH,2,67,,20,93.5
June,DC,SH,2,67,,20,82
June,DC,SH,2,67,,20,96
June,DC,SH,2,67,,20,59.5
June,DC,SH,2,57,,21,75.5
June,DC,SH,2,57,,21,95.5
June,DC,SH,2,57,,21,63
June,DC,SH,2,57,,21,70
June,DC,SH,2,57,,21,82
June,DC,DP,3,10,,22,49.5
June,DC,DP,3,10,,22,64.5
June,DC,DP,3,10,,22,66
June,DC,DP,3,10,,22,6.5
June,DC,DP,3,11,,23,63
June,DC,DP,3,11,,23,31
June,DC,DP,3,7,,24,93
June,DC,DP,3,7,,24,72
June,DC,DP,3,7,,24,48.5
June,DC,DP,3,7,,24,38.5
June,DC,DP,3,7,,24,71
June,DC,DP,3,19,,25,17
June,DC,DP,3,19,,25,67
June,DC,DP,3,19,,25,32
June,DC,DP,3,19,,25,60.5
June,DC,DP,3,19,,25,8.5
June,DC,DP,3,16,,26,77
June,DC,DP,3,16,,26,55
June,DC,DP,3,16,,26,47.5
June,DC,DP,3,16,,26,48
June,DC,DP,3,16,,26,67.5
June,DC,DP,3,15,,27,34
June,DC,DP,3,15,,27,75
June,DC,DP,3,15,,27,40
June,DC,DP,3,15,,27,52.5
June,DC,DP,3,20,,28,64
June,DC,DP,3,20,,28,55
June,DC,DP,3,20,,28,22.5
June,DC,DP,3,20,,28,73
June,DC,DP,3,20,,28,20.5
June,DC,DP,2,51,,29,84
June,DC,DP,2,51,,29,72.5
June,DC,DP,2,51,,29,62
June,DC,DP,2,51,,29,86
June,DC,DP,2,51,,29,17
June,DC,DP,2,43,,30,44.5
June,DC,DP,2,43,,30,34
June,DC,DP,2,43,,30,37.5
June,DC,DP,2,46,,31,54
June,DC,DP,2,46,,31,29.5
June,DC,DP,2,46,,31,34
June,DC,DP,2,46,,31,33
June,DC,DP,2,46,,31,22
June,DC,DP,2,48,,32,66.5
June,DC,DP,2,48,,32,54
June,DC,DP,2,48,,32,46
June,DC,DP,2,68,,33,65
June,DC,DP,2,68,,33,67
June,DC,DP,2,68,,33,34
June,DC,DP,1,64,,34,38
June,DC,DP,1,64,,34,54.5
June,DC,DP,1,64,,34,34.5
June,DC,DP,1,64,,34,22.5
June,DC,DP,1,64,,34,10.5
June,DC,DP,1,30,,35,52
June,DC,DP,1,30,,35,59
June,DC,DP,1,30,,35,27.5
June,DC,DP,1,30,,35,69
June,DC,DP,1,30,,35,69
June,DC,DP,1,41,,36,53
June,DC,DP,1,41,,36,30
June,DC,DP,1,41,,36,63.5
June,DC,DP,1,41,,36,42
June,DC,DP,1,41,,36,63.5
June,DC,DP,1,37,,37,45
June,DC,DP,1,37,,37,46
June,DC,DP,1,37,,37,43
June,DC,DP,1,37,,37,40.5
June,DC,DP,1,37,,37,26
June,DC,DP,2,52,,38,60
June,DC,DP,2,52,,38,37
June,DC,DP,2,52,,38,17
June,DC,DP,2,52,,38,38
June,DC,DP,2,52,,38,43
June,DC,DP,2,61,,39,27.5
June,DC,DP,2,61,,39,70
June,DC,DP,2,61,,39,45
June,DC,DP,2,61,,39,101
June,DC,DP,2,61,,39,73
June,WB,SH,3,31,,40,135.5
June,WB,SH,3,31,,40,124
June,WB,SH,3,31,,40,70.5
June,WB,SH,3,31,,40,79
June,WB,SH,3,31,,40,81.5
June,WB,SH,1,43,,41,99
June,WB,SH,1,43,,41,83.5
June,WB,SH,1,43,,41,110.5
June,WB,SH,1,43,,41,108.5
June,WB,SH,1,43,,41,99
June,WB,SH,1,52,,42,128
June,WB,SH,1,52,,42,97.5
June,WB,SH,1,52,,42,120
June,WB,SH,1,52,,42,124.5
June,WB,SH,1,52,,42,110
June,WB,SH,1,26,,43,123
June,WB,SH,1,26,,43,141
June,WB,SH,1,26,,43,139
June,WB,SH,1,26,,43,116.5
June,WB,SH,1,26,,43,124.5
June,WB,SH,2,41,,44,49.5
June,WB,SH,2,41,,44,99.5
June,WB,SH,2,41,,44,54
June,WB,SH,2,41,,44,86
June,WB,SH,2,41,,44,83.5
June,WB,SH,2,64,,45,96.5
June,WB,SH,2,64,,45,30
June,WB,SH,2,64,,45,57
June,WB,SH,2,64,,45,81
June,WB,SH,2,64,,45,106
June,WB,SH,2,30,,46,75.5
June,WB,SH,2,30,,46,76.5
June,WB,SH,2,30,,46,81
June,WB,SH,2,30,,46,93
June,WB,SH,2,30,,46,36
June,WB,SH,2,13,,47,95.5
June,WB,SH,2,13,,47,89.5
June,WB,SH,2,13,,47,101
June,WB,SH,2,13,,47,59.5
June,WB,SH,2,13,,47,109
June,WB,SH,2,38,,48,102.5
June,WB,SH,2,38,,48,106
June,WB,SH,2,38,,48,78
June,WB,SH,2,38,,48,99.5
June,WB,SH,2,38,,48,114.5
June,WB,SH,2,25,,49,64
June,WB,SH,2,25,,49,76.5
June,WB,SH,2,25,,49,102.5
June,WB,SH,2,25,,49,83.5
June,WB,SH,2,25,,49,64.5
June,WB,SH,2,17,,50,81
June,WB,SH,2,17,,50,93
June,WB,SH,2,17,,50,101.5
June,WB,SH,2,17,,50,63.5
June,WB,SH,2,17,,50,105
June,WB,SH,3,74,,51,107.5
June,WB,SH,3,74,,51,96.5
June,WB,SH,3,74,,51,91
June,WB,SH,3,74,,51,105
June,WB,SH,3,74,,51,104.5
June,WB,SH,3,72,,52,99
June,WB,SH,3,72,,52,84.5
June,WB,SH,3,72,,52,77
June,WB,SH,3,72,,52,110
June,WB,SH,3,72,,52,102.5
June,WB,SH,3,34,,53,90
June,WB,SH,3,34,,53,91.5
June,WB,SH,3,34,,53,57
June,WB,SH,3,34,,53,64
June,WB,SH,3,34,,53,40
June,WB,SH,3,20,,54,97
June,WB,SH,3,20,,54,84
June,WB,SH,3,20,,54,72.5
June,WB,SH,3,20,,54,82
June,WB,SH,3,20,,54,65
June,WB,SH,1,61,,55,103
June,WB,SH,1,61,,55,136
June,WB,SH,1,61,,55,74.5
June,WB,SH,1,61,,55,44
June,WB,SH,1,61,,55,78
June,WB,SH,1,46,,56,111
June,WB,SH,1,46,,56,60
June,WB,SH,1,46,,56,76.5
June,WB,SH,1,46,,56,117.5
June,WB,SH,1,46,,56,36.5
June,WB,SH,1,51,,57,66.5
June,WB,SH,1,51,,57,60
June,WB,SH,1,51,,57,37.5
June,WB,SH,1,51,,57,63
June,WB,SH,1,51,,57,19
June,WB,SH,1,68,,58,53.5
June,WB,SH,1,68,,58,148.5
June,WB,SH,1,68,,58,103.5
June,WB,SH,1,68,,58,27
June,WB,SH,1,68,,58,82.5
June,WB,SH,3,73,,59,124
June,WB,SH,3,73,,59,97
June,WB,SH,3,73,,59,52
June,WB,SH,3,73,,59,81.5
June,WB,SH,3,73,,59,77
June,WB,SH,3,66,,60,90
June,WB,SH,3,66,,60,134
June,WB,SH,3,66,,60,144
June,WB,SH,3,66,,60,123
June,WB,SH,3,66,,60,116.5
June,WB,DP,1,11,,61,87.5
June,WB,DP,1,11,,61,79
June,WB,DP,1,11,,61,61
June,WB,DP,1,11,,61,86.5
June,WB,DP,1,11,,61,93
June,WB,DP,1,16,,62,42
June,WB,DP,1,16,,62,56.5
June,WB,DP,1,16,,62,53.5
June,WB,DP,1,16,,62,29
June,WB,DP,1,16,,62,53
June,WB,DP,1,14,,63,67
June,WB,DP,1,14,,63,46
June,WB,DP,1,5,,64,103
June,WB,DP,1,5,,64,41
June,WB,DP,1,5,,64,64.5
June,WB,DP,1,5,,64,76.5
June,WB,DP,1,5,,64,68.5
June,WB,DP,1,7,,65,32
June,WB,DP,1,7,,65,73.5
June,WB,DP,1,7,,65,43
June,WB,DP,1,15,,66,33.5
June,WB,DP,1,15,,66,35
June,WB,DP,2,12,,67,42
June,WB,DP,2,12,,67,40.5
June,WB,DP,2,12,,67,17.5
June,WB,DP,2,12,,67,18.5
June,WB,DP,2,12,,67,45
June,WB,DP,2,59,,68,44.5
June,WB,DP,2,59,,68,35
June,WB,DP,2,59,,68,26.5
June,WB,DP,2,59,,68,12.5
June,WB,DP,2,59,,68,52.5
June,WB,DP,2,44,,69,53
June,WB,DP,2,44,,69,62.5
June,WB,DP,2,44,,69,81.5
June,WB,DP,2,44,,69,37
June,WB,DP,2,44,,69,69.5
June,WB,DP,2,47,,70,39
June,WB,DP,2,47,,70,40
June,WB,DP,2,47,,70,45
June,WB,DP,2,47,,70,38.5
June,WB,DP,2,47,,70,26.5
June,WB,DP,2,37,,71,24
June,WB,DP,2,37,,71,34
June,WB,DP,2,37,,71,48.5
June,WB,DP,2,37,,71,40.5
June,WB,DP,2,37,,71,47.5
June,WB,DP,2,8,,72,44
June,WB,DP,2,8,,72,67.5
June,WB,DP,2,8,,72,85
June,WB,DP,2,8,,72,43
June,WB,DP,2,8,,72,76.5
June,WB,DP,2,19,,73,43.5
June,WB,DP,2,19,,73,25.5
June,WB,DP,2,19,,73,49
June,WB,DP,2,19,,73,41.5
June,WB,DP,2,19,,73,50.5
June,WB,DP,3,67,,74,46
June,WB,DP,3,67,,74,18.5
June,WB,DP,3,67,,74,23.5
June,WB,DP,3,67,,74,35.5
June,WB,DP,3,67,,74,62.5
June,WB,DP,3,57,,75,32.5
June,WB,DP,3,57,,75,67
June,WB,DP,3,57,,75,45
June,WB,DP,3,57,,75,63
June,WB,DP,3,57,,75,63.5
June,WB,DP,3,3,,76,29.5
June,WB,DP,3,3,,76,48
June,WB,DP,3,3,,76,74
June,WB,DP,3,3,,76,36
June,WB,DP,3,3,,76,64
June,WB,DP,3,70,,77,33.5
June,WB,DP,3,70,,77,91.5
June,WB,DP,3,70,,77,61
June,WB,DP,3,70,,77,67.5
June,WB,DP,3,70,,77,79
June,WB,DP,3,18,,78,87.5
June,WB,DP,3,18,,78,82
June,WB,DP,3,18,,78,45
June,WB,DP,3,18,,78,56
June,WB,DP,3,18,,78,49.5
June,WB,DP,3,10,,79,69.5
June,WB,DP,3,10,,79,77.5
June,WB,DP,3,10,,79,53
June,WB,DP,3,10,,79,73.5
June,WB,DP,3,10,,79,48
June,WB,DP,3,35,,80,49.5
June,WB,DP,3,35,,80,41
June,WB,DP,3,35,,80,36.5
June,WB,DP,3,35,,80,40.5
June,WB,DP,3,35,,80,24
June,NB,SH,1,10,,81,62.5
June,NB,SH,1,10,,81,48
June,NB,SH,1,10,,81,43
June,NB,SH,1,10,,81,45
June,NB,SH,1,10,,81,13
June,NB,SH,1,35,,82,55
June,NB,SH,1,35,,82,72
June,NB,SH,1,35,,82,47.5
June,NB,SH,1,35,,82,40
June,NB,SH,1,35,,82,48
June,NB,SH,1,3,,83,32
June,NB,SH,1,3,,83,44.5
June,NB,SH,1,3,,83,39.5
June,NB,SH,1,3,,83,40
June,NB,SH,1,3,,83,41.5
June,NB,SH,1,70,,84,35.5
June,NB,SH,1,70,,84,42.5
June,NB,SH,1,70,,84,36
June,NB,SH,1,70,,84,37
June,NB,SH,1,70,,84,44
June,NB,SH,3,61,,85,81
June,NB,SH,3,61,,85,59
June,NB,SH,3,61,,85,37.5
June,NB,SH,3,61,,85,80
June,NB,SH,3,61,,85,33
June,NB,SH,3,66,,86,40.5
June,NB,SH,3,66,,86,46
June,NB,SH,3,66,,86,51.5
June,NB,SH,3,66,,86,28
June,NB,SH,3,66,,86,50.5
June,NB,SH,3,73,,87,40.5
June,NB,SH,3,73,,87,30.5
June,NB,SH,3,73,,87,19
June,NB,SH,3,73,,87,33
June,NB,SH,3,73,,87,29
June,NB,SH,3,15,,88,35.5
June,NB,SH,3,15,,88,51.5
June,NB,SH,3,15,,88,31.5
June,NB,SH,3,15,,88,26.5
June,NB,SH,3,15,,88,41
June,NB,SH,2,30,,89,50
June,NB,SH,2,30,,89,73
June,NB,SH,2,30,,89,54
June,NB,SH,2,30,,89,62.5
June,NB,SH,2,30,,89,74.5
June,NB,SH,2,31,,90,34
June,NB,SH,2,31,,90,44.5
June,NB,SH,2,31,,90,45
June,NB,SH,2,31,,90,40
June,NB,SH,2,31,,90,61
June,NB,SH,2,43,,91,51.5
June,NB,SH,2,43,,91,35.5
June,NB,SH,2,43,,91,42.5
June,NB,SH,2,43,,91,49.5
June,NB,SH,2,43,,91,24
June,NB,SH,2,26,,92,49.5
June,NB,SH,2,26,,92,35
June,NB,SH,2,26,,92,40
June,NB,SH,2,26,,92,64
June,NB,SH,2,26,,92,55.5
June,NB,SH,1,57,,93,27.5
June,NB,SH,1,57,,93,53.5
June,NB,SH,1,57,,93,51
June,NB,SH,1,57,,93,25
June,NB,SH,1,57,,93,51
June,NB,SH,3,47,,94,52
June,NB,SH,3,47,,94,20.5
June,NB,SH,3,47,,94,46.5
June,NB,SH,3,47,,94,46
June,NB,SH,3,47,,94,15.5
June,NB,SH,2,52,,95,19.5
June,NB,SH,2,52,,95,52.5
June,NB,SH,2,52,,95,49.5
June,NB,SH,2,52,,95,20.5
June,NB,SH,2,52,,95,42.5
June,NB,DP,3,38,,96,69
June,NB,DP,3,38,,96,96
June,NB,DP,3,17,,97,50.5
June,NB,DP,3,17,,97,65.5
June,NB,DP,3,17,,97,34
June,NB,DP,3,17,,97,32
June,NB,DP,3,17,,97,28
June,NB,DP,2,8,,98,74
June,NB,DP,2,8,,98,45
June,NB,DP,2,8,,98,69
June,NB,DP,2,8,,98,80
June,NB,DP,2,8,,98,20
June,NB,DP,2,28,,99,60
June,NB,DP,2,28,,99,68.5
June,NB,DP,2,28,,99,57.5
June,NB,DP,2,28,,99,77
June,NB,DP,2,28,,99,44
June,NB,DP,1,20,,100,60
June,NB,DP,1,20,,100,57
June,NB,DP,1,5,,101,47.5
June,NB,DP,1,5,,101,67
June,NB,DP,1,7,,102,82
June,NB,DP,1,7,,102,41
June,NB,DP,1,7,,102,53.5
June,NB,DP,1,7,,102,42.5
June,NB,DP,1,16,,103,67.5
June,NB,DP,1,16,,103,89
June,NB,DP,1,16,,103,29.5
June,NB,DP,1,16,,103,62.5
June,NB,DP,1,16,,103,57
June,NB,DP,1,14,,104,16.5
June,NB,DP,3,13,,105,48
June,NB,DP,3,13,,105,87
June,NB,DP,3,13,,105,82
June,NB,DP,3,13,,105,45
June,NB,DP,3,13,,105,16.5
June,NB,DP,3,25,,106,53
June,NB,DP,3,25,,106,56
June,NB,DP,3,25,,106,21
June,NB,DP,3,25,,106,69
June,NB,DP,3,34,,107,61.5
June,NB,DP,3,34,,107,28.5
June,NB,DP,3,34,,107,20
June,NB,DP,3,34,,107,74
June,NB,DP,3,34,,107,14.5
June,NB,DP,2,44,,108,95.5
June,NB,DP,2,44,,108,76.5
June,NB,DP,2,44,,108,42.5
June,NB,DP,2,44,,108,26.5
June,NB,DP,2,44,,108,57
June,NB,DP,2,19,,109,73.5
June,NB,DP,2,19,,109,97
June,NB,DP,2,19,,109,57
June,NB,DP,2,19,,109,18.5
June,NB,DP,2,19,,109,41
June,NB,DP,2,12,,110,45
June,NB,DP,2,12,,110,96.5
June,NB,DP,2,12,,110,71
June,NB,DP,2,12,,110,59.5
June,LP,SH,1,12,,111,59
June,LP,SH,1,12,,111,78
June,LP,SH,1,12,,111,43
June,LP,SH,1,12,,111,63
June,LP,SH,1,12,,111,71
June,LP,SH,1,8,,112,71
June,LP,SH,1,8,,112,73
June,LP,SH,1,8,,112,45
June,LP,SH,1,8,,112,51
June,LP,SH,1,8,,112,85.5
June,LP,SH,1,17,,113,105.5
June,LP,SH,1,17,,113,64
June,LP,SH,1,17,,113,82.5
June,LP,SH,1,17,,113,62.5
June,LP,SH,1,17,,113,69
June,LP,SH,2,13,,114,70
June,LP,SH,2,13,,114,82
June,LP,SH,2,13,,114,85
June,LP,SH,2,13,,114,108
June,LP,SH,2,13,,114,42
June,LP,SH,2,28,,115,70.5
June,LP,SH,2,28,,115,60.5
June,LP,SH,2,28,,115,88.5
June,LP,SH,2,28,,115,80.5
June,LP,SH,2,28,,115,56.5
June,LP,SH,3,35,,116,70
June,LP,SH,3,35,,116,69
June,LP,SH,3,35,,116,72.5
June,LP,SH,3,35,,116,29
June,LP,SH,3,35,,116,62
June,LP,SH,3,3,,117,62
June,LP,SH,3,3,,117,63
June,LP,SH,3,3,,117,32
June,LP,SH,3,3,,117,66.5
June,LP,SH,3,3,,117,59.5
June,LP,SH,3,66,,118,85
June,LP,SH,3,66,,118,51
June,LP,SH,3,66,,118,83
June,LP,SH,3,66,,118,61
June,LP,SH,3,66,,118,62
June,LP,SH,1,7,,119,90
June,LP,SH,1,7,,119,85
June,LP,SH,1,7,,119,62.5
June,LP,SH,1,7,,119,62.5
June,LP,SH,1,7,,119,95
June,LP,SH,1,38,,120,103.5
June,LP,SH,1,38,,120,79.5
June,LP,SH,1,38,,120,48.5
June,LP,SH,1,38,,120,58.5
June,LP,SH,1,38,,120,72
June,LP,SH,2,5,,121,104
June,LP,SH,2,5,,121,93
June,LP,SH,2,5,,121,82.5
June,LP,SH,2,5,,121,76
June,LP,SH,2,5,,121,100
June,LP,SH,2,16,,122,70.5
June,LP,SH,2,16,,122,80.5
June,LP,SH,2,16,,122,76
June,LP,SH,2,16,,122,59.5
June,LP,SH,2,16,,122,68
June,LP,SH,2,14,,123,91
June,LP,SH,2,14,,123,54
June,LP,SH,2,14,,123,92.5
June,LP,SH,2,14,,123,78.5
June,LP,SH,2,14,,123,72.5
June,LP,SH,3,61,,124,72
June,LP,SH,3,61,,124,53
June,LP,SH,3,61,,124,64
June,LP,SH,3,61,,124,66
June,LP,SH,3,61,,124,79
June,LP,SH,3,47,,125,90.5
June,LP,SH,3,47,,125,37
June,LP,SH,3,47,,125,85.5
June,LP,SH,3,47,,125,42.5
June,LP,SH,3,47,,125,51
June,LP,DP,2,57,,126,58
June,LP,DP,2,57,,126,63.5
June,LP,DP,2,57,,126,10
June,LP,DP,2,57,,126,37.5
June,LP,DP,2,57,,126,68
June,LP,DP,2,70,,127,35
June,LP,DP,2,70,,127,48
June,LP,DP,2,73,,128,36.5
June,LP,DP,2,73,,128,76
June,LP,DP,2,73,,128,38.5
June,LP,DP,2,30,,129,41
June,LP,DP,2,30,,129,58
June,LP,DP,2,30,,129,63
June,LP,DP,2,30,,129,19.5
June,LP,DP,1,20,,130,56.5
June,LP,DP,1,20,,130,91.5
June,LP,DP,1,20,,130,39.5
June,LP,DP,1,20,,130,62
June,LP,DP,1,20,,130,47
June,LP,DP,1,25,,131,11
June,LP,DP,1,25,,131,71.5
June,LP,DP,1,25,,131,77
June,LP,DP,3,15,,132,48.5
June,LP,DP,3,15,,132,57.5
June,LP,DP,3,15,,132,67.5
June,LP,DP,3,15,,132,54.5
June,LP,DP,3,15,,132,52
June,LP,DP,3,43,,133,32
June,LP,DP,3,43,,133,50
June,LP,DP,3,43,,133,39
June,LP,DP,3,43,,133,54
June,LP,DP,3,43,,133,58
June,LP,DP,3,52,,134,35
June,LP,DP,3,52,,134,58
June,LP,DP,3,52,,134,41.5
June,LP,DP,3,52,,134,67.5
June,LP,DP,3,52,,134,45
June,LP,DP,3,10,,135,48.5
June,LP,DP,3,10,,135,82.5
June,LP,DP,3,26,,136,62.5
June,LP,DP,3,26,,136,66.5
June,LP,DP,3,26,,136,38
June,LP,DP,3,26,,136,45
June,LP,DP,3,26,,136,53.5
June,LP,DP,1,34,,137,46.5
June,LP,DP,1,34,,137,46.5
June,LP,DP,1,19,,138,42
June,LP,DP,1,19,,138,73.5
June,LP,DP,1,44,,139,50.5
June,LP,DP,1,44,,139,60.5
June,LP,DP,1,44,,139,16.5
June,LP,DP,1,44,,139,27
June,LP,DP,1,44,,139,33
August,DC,SH,NA,,2,140,93.5
August,DC,SH,NA,,2,140,108.5
August,DC,SH,NA,,2,140,103
August,DC,SH,NA,,2,140,90
August,DC,SH,NA,,2,140,82
August,DC,SH,NA,,4,141,78
August,DC,SH,NA,,4,141,119
August,DC,SH,NA,,4,141,97
August,DC,SH,NA,,4,141,82
August,DC,SH,NA,,4,141,79
August,DC,SH,NA,,6,142,69
August,DC,SH,NA,,6,142,97.5
August,DC,SH,NA,,6,142,74.5
August,DC,SH,NA,,6,142,68
August,DC,SH,NA,,6,142,64
August,DC,SH,NA,,8,143,127
August,DC,SH,NA,,8,143,68
August,DC,SH,NA,,8,143,79
August,DC,SH,NA,,8,143,119
August,DC,SH,NA,,8,143,111
August,DC,SH,NA,,10,144,138.5
August,DC,SH,NA,,10,144,113
August,DC,SH,NA,,10,144,74.5
August,DC,SH,NA,,10,144,122
August,DC,SH,NA,,10,144,43
August,DC,SH,NA,,12,145,128
August,DC,SH,NA,,12,145,101
August,DC,SH,NA,,12,145,95
August,DC,SH,NA,,12,145,112
August,DC,SH,NA,,12,145,131
August,DC,SH,NA,,14,146,115
August,DC,SH,NA,,14,146,101
August,DC,SH,NA,,14,146,51.5
August,DC,SH,NA,,14,146,80.5
August,DC,SH,NA,,14,146,90
August,DC,SH,NA,,16,147,120
August,DC,SH,NA,,16,147,11.5
August,DC,SH,NA,,16,147,128
August,DC,SH,NA,,16,147,72
August,DC,SH,NA,,16,147,133
August,DC,SH,NA,,18,148,121
August,DC,SH,NA,,18,148,112.5
August,DC,SH,NA,,18,148,122.5
August,DC,SH,NA,,18,148,138
August,DC,SH,NA,,18,148,93
August,DC,SH,NA,,20,149,142
August,DC,SH,NA,,20,149,139
August,DC,SH,NA,,20,149,121
August,DC,SH,NA,,20,149,127
August,DC,SH,NA,,20,149,136
August,DC,SH,NA,,22,150,126
August,DC,SH,NA,,22,150,111
August,DC,SH,NA,,22,150,110
August,DC,SH,NA,,22,150,81.5
August,DC,SH,NA,,22,150,111
August,DC,SH,NA,,24,151,126
August,DC,SH,NA,,24,151,113
August,DC,SH,NA,,24,151,71
August,DC,SH,NA,,24,151,124
August,DC,SH,NA,,24,151,121
August,DC,SH,NA,,28,152,116
August,DC,SH,NA,,28,152,129
August,DC,SH,NA,,28,152,111
August,DC,SH,NA,,28,152,131
August,DC,SH,NA,,28,152,128
August,DC,DP,NA,,2,153,72.5
August,DC,DP,NA,,2,153,110
August,DC,DP,NA,,4,154,80
August,DC,DP,NA,,4,154,55
August,DC,DP,NA,,4,154,112
August,DC,DP,NA,,4,154,110
August,DC,DP,NA,,4,154,92
August,DC,DP,NA,,10,155,83
August,DC,DP,NA,,10,155,19
August,DC,DP,NA,,10,155,97
August,DC,DP,NA,,10,155,91
August,DC,DP,NA,,10,155,107.5
August,DC,DP,NA,,12,156,123
August,DC,DP,NA,,12,156,118
August,DC,DP,NA,,12,156,99
August,DC,DP,NA,,12,156,76
August,DC,DP,NA,,12,156,121
August,DC,DP,NA,,14,157,114
August,DC,DP,NA,,14,157,65.5
August,DC,DP,NA,,14,157,44.5
August,DC,DP,NA,,14,157,54
August,DC,DP,NA,,14,157,57
August,DC,DP,NA,,16,158,115
August,DC,DP,NA,,16,158,138
August,DC,DP,NA,,16,158,132
August,DC,DP,NA,,16,158,140
August,DC,DP,NA,,16,158,121
August,DC,DP,NA,,18,159,106.5
August,DC,DP,NA,,18,159,15.5
August,DC,DP,NA,,18,159,80
August,DC,DP,NA,,18,159,88.5
August,DC,DP,NA,,18,159,77.5
August,DC,DP,NA,,20,160,121
August,DC,DP,NA,,20,160,134
August,DC,DP,NA,,20,160,81
August,DC,DP,NA,,20,160,137
August,DC,DP,NA,,20,160,117
August,DC,DP,NA,,24,161,129
August,DC,DP,NA,,24,161,131
August,DC,DP,NA,,24,161,127
August,DC,DP,NA,,24,161,97
August,DC,DP,NA,,24,161,111
August,DC,DP,NA,,28,162,104
August,DC,DP,NA,,28,162,97
August,DC,DP,NA,,28,162,113
August,DC,DP,NA,,28,162,124
August,NB,SH,NA,,2,163,61
August,NB,SH,NA,,2,163,71
August,NB,SH,NA,,2,163,83.5
August,NB,SH,NA,,2,163,39
August,NB,SH,NA,,2,163,92
August,NB,SH,NA,,4,164,102
August,NB,SH,NA,,4,164,86.5
August,NB,SH,NA,,4,164,111
August,NB,SH,NA,,4,164,31
August,NB,SH,NA,,4,164,79
August,NB,SH,NA,,6,165,50
August,NB,SH,NA,,6,165,103
August,NB,SH,NA,,6,165,97.5
August,NB,SH,NA,,6,165,128
August,NB,SH,NA,,6,165,101
August,NB,SH,NA,,8,166,80
August,NB,SH,NA,,8,166,91.5
August,NB,SH,NA,,8,166,124.5
August,NB,SH,NA,,8,166,101.5
August,NB,SH,NA,,8,166,116.5
August,NB,SH,NA,,10,167,45.5
August,NB,SH,NA,,10,167,117.5
August,NB,SH,NA,,10,167,102.5
August,NB,SH,NA,,10,167,112.5
August,NB,SH,NA,,10,167,114
August,NB,SH,NA,,12,168,88.5
August,NB,SH,NA,,12,168,114
August,NB,SH,NA,,12,168,100.5
August,NB,SH,NA,,12,168,62
August,NB,SH,NA,,12,168,97.5
August,NB,SH,NA,,14,169,26
August,NB,SH,NA,,14,169,50.5
August,NB,SH,NA,,14,169,101
August,NB,SH,NA,,14,169,59.5
August,NB,SH,NA,,14,169,95
August,NB,SH,NA,,16,170,67
August,NB,SH,NA,,16,170,90.5
August,NB,SH,NA,,16,170,101.5
August,NB,SH,NA,,16,170,91
August,NB,SH,NA,,16,170,105.5
August,NB,SH,NA,,18,171,103
August,NB,SH,NA,,18,171,58
August,NB,SH,NA,,18,171,93.5
August,NB,SH,NA,,18,171,34
August,NB,SH,NA,,18,171,64.5
August,NB,SH,NA,,20,172,110
August,NB,SH,NA,,20,172,105
August,NB,SH,NA,,20,172,103
August,NB,SH,NA,,20,172,113
August,NB,SH,NA,,20,172,70
August,NB,SH,NA,,22,173,59
August,NB,SH,NA,,22,173,72
August,NB,SH,NA,,22,173,50
August,NB,SH,NA,,22,173,53
August,NB,SH,NA,,22,173,44
August,NB,SH,NA,,24,174,95
August,NB,SH,NA,,24,174,79
August,NB,SH,NA,,24,174,72
August,NB,SH,NA,,24,174,33
August,NB,SH,NA,,24,174,63
August,NB,SH,NA,,26,175,71
August,NB,SH,NA,,26,175,98
August,NB,SH,NA,,26,175,62
August,NB,SH,NA,,26,175,104
August,NB,SH,NA,,26,175,102
August,NB,SH,NA,,28,176,50
August,NB,SH,NA,,28,176,61
August,NB,SH,NA,,28,176,34
August,NB,SH,NA,,28,176,65
August,NB,SH,NA,,28,176,55
August,NB,SH,NA,,30,177,91
August,NB,SH,NA,,30,177,41
August,NB,SH,NA,,30,177,79
August,NB,SH,NA,,30,177,79
August,NB,SH,NA,,30,177,49
August,NB,DP,NA,,2,178,134
August,NB,DP,NA,,2,178,26
August,NB,DP,NA,,2,178,76.5
August,NB,DP,NA,,4,179,107
August,NB,DP,NA,,4,179,117
August,NB,DP,NA,,4,179,88
August,NB,DP,NA,,6,180,52.5
August,NB,DP,NA,,6,180,53.5
August,NB,DP,NA,,8,181,79.5
August,NB,DP,NA,,8,181,44.5
August,NB,DP,NA,,8,181,29
August,NB,DP,NA,,10,182,49.5
August,NB,DP,NA,,10,182,60
August,NB,DP,NA,,10,182,115
August,NB,DP,NA,,10,182,29
August,NB,DP,NA,,10,182,113
August,NB,DP,NA,,12,183,104
August,NB,DP,NA,,12,183,90
August,NB,DP,NA,,12,183,48
August,NB,DP,NA,,12,183,34.5
August,NB,DP,NA,,12,183,37.5
August,NB,DP,NA,,14,184,23
August,NB,DP,NA,,14,184,16.5
August,NB,DP,NA,,14,184,64
August,NB,DP,NA,,14,184,62.5
August,NB,DP,NA,,14,184,75.5
August,NB,DP,NA,,16,185,86
August,NB,DP,NA,,16,185,91
August,NB,DP,NA,,16,185,62.5
August,NB,DP,NA,,16,185,18.5
August,NB,DP,NA,,16,185,59
August,NB,DP,NA,,18,186,43.5
August,NB,DP,NA,,18,186,31
August,NB,DP,NA,,18,186,56
August,NB,DP,NA,,18,186,108
August,NB,DP,NA,,18,186,48.5
August,NB,DP,NA,,20,187,89
August,NB,DP,NA,,20,187,57.5
August,NB,DP,NA,,20,187,38
August,NB,DP,NA,,20,187,50
August,NB,DP,NA,,20,187,93.5
August,NB,DP,NA,,22,188,84
August,NB,DP,NA,,22,188,62
August,NB,DP,NA,,22,188,102
August,NB,DP,NA,,22,188,98
August,NB,DP,NA,,22,188,26
August,NB,DP,NA,,24,189,122
August,NB,DP,NA,,24,189,96
August,NB,DP,NA,,24,189,51
August,NB,DP,NA,,24,189,99
August,NB,DP,NA,,24,189,16
August,NB,DP,NA,,26,190,104
August,NB,DP,NA,,26,190,125
August,NB,DP,NA,,26,190,80
August,NB,DP,NA,,26,190,100
August,NB,DP,NA,,26,190,127
August,NB,DP,NA,,28,191,105
August,NB,DP,NA,,28,191,126
August,NB,DP,NA,,28,191,65
August,NB,DP,NA,,28,191,71
August,NB,DP,NA,,28,191,22
August,NB,DP,NA,,30,192,40
August,NB,DP,NA,,30,192,50
August,NB,DP,NA,,30,192,96
August,NB,DP,NA,,30,192,102
August,NB,DP,NA,,30,192,138
August,LP,SH,NA,,2,193,157.5
August,LP,SH,NA,,2,193,54
August,LP,SH,NA,,2,193,95
August,LP,SH,NA,,2,193,75.5
August,LP,SH,NA,,2,193,121.5
August,LP,SH,NA,,4,194,95
August,LP,SH,NA,,4,194,115
August,LP,SH,NA,,4,194,52
August,LP,SH,NA,,4,194,99.5
August,LP,SH,NA,,4,194,53
August,LP,SH,NA,,6,195,101
August,LP,SH,NA,,6,195,123
August,LP,SH,NA,,6,195,143
August,LP,SH,NA,,6,195,26
August,LP,SH,NA,,6,195,140.5
August,LP,SH,NA,,8,196,81.5
August,LP,SH,NA,,8,196,130
August,LP,SH,NA,,8,196,119.5
August,LP,SH,NA,,8,196,32
August,LP,SH,NA,,8,196,21.5
August,LP,SH,NA,,12,197,116
August,LP,SH,NA,,12,197,154
August,LP,SH,NA,,12,197,108
August,LP,SH,NA,,12,197,43
August,LP,SH,NA,,12,197,142
August,LP,SH,NA,,14,198,79
August,LP,SH,NA,,14,198,1118
August,LP,SH,NA,,14,198,127
August,LP,SH,NA,,14,198,134.5
August,LP,SH,NA,,14,198,119.5
August,LP,SH,NA,,16,199,93
August,LP,SH,NA,,16,199,125
August,LP,SH,NA,,16,199,134
August,LP,SH,NA,,16,199,94
August,LP,SH,NA,,16,199,105.5
August,LP,SH,NA,,18,200,177
August,LP,SH,NA,,18,200,105.5
August,LP,SH,NA,,18,200,147.5
August,LP,SH,NA,,18,200,55
August,LP,SH,NA,,18,200,127
August,LP,SH,NA,,20,201,85
August,LP,SH,NA,,20,201,128
August,LP,SH,NA,,20,201,158
August,LP,SH,NA,,20,201,132
August,LP,SH,NA,,20,201,84
August,LP,SH,NA,,22,202,79.5
August,LP,SH,NA,,22,202,90
August,LP,SH,NA,,22,202,164.5
August,LP,SH,NA,,22,202,144.5
August,LP,SH,NA,,22,202,88
August,LP,SH,NA,,24,203,122
August,LP,SH,NA,,24,203,120
August,LP,SH,NA,,24,203,23
August,LP,SH,NA,,24,203,139
August,LP,SH,NA,,24,203,145
August,LP,SH,NA,,26,204,128.5
August,LP,SH,NA,,26,204,121.5
August,LP,SH,NA,,26,204,124.5
August,LP,SH,NA,,26,204,126.5
August,LP,SH,NA,,26,204,82
August,LP,SH,NA,,28,205,122.5
August,LP,SH,NA,,28,205,100.5
August,LP,SH,NA,,28,205,116
August,LP,SH,NA,,28,205,46.5
August,LP,SH,NA,,28,205,42
August,LP,SH,NA,,30,206,111
August,LP,SH,NA,,30,206,138.5
August,LP,SH,NA,,30,206,81
August,LP,SH,NA,,30,206,112
August,LP,SH,NA,,30,206,134.5
August,LP,SH,NA,,32,207,86
August,LP,SH,NA,,32,207,62
August,LP,SH,NA,,32,207,104
August,LP,SH,NA,,32,207,102
August,LP,SH,NA,,32,207,117
August,LP,DP,NA,,2,208,49
August,LP,DP,NA,,2,208,68
August,LP,DP,NA,,2,208,70
August,LP,DP,NA,,2,208,42
August,LP,DP,NA,,2,208,51
August,LP,DP,NA,,4,209,87
August,LP,DP,NA,,4,209,34
August,LP,DP,NA,,4,209,53
August,LP,DP,NA,,4,209,28.5
August,LP,DP,NA,,4,209,75
August,LP,DP,NA,,6,210,105
August,LP,DP,NA,,6,210,62.5
August,LP,DP,NA,,6,210,63
August,LP,DP,NA,,6,210,73
August,LP,DP,NA,,8,211,50
August,LP,DP,NA,,8,211,64
August,LP,DP,NA,,8,211,85
August,LP,DP,NA,,8,211,71.5
August,LP,DP,NA,,8,211,26
August,LP,DP,NA,,10,212,68.5
August,LP,DP,NA,,10,212,54
August,LP,DP,NA,,10,212,59.5
August,LP,DP,NA,,10,212,34
August,LP,DP,NA,,10,212,50
August,LP,DP,NA,,12,213,83
August,LP,DP,NA,,12,213,89
August,LP,DP,NA,,12,213,80
August,LP,DP,NA,,12,213,26.5
August,LP,DP,NA,,12,213,30.5
August,LP,DP,NA,,14,214,27
August,LP,DP,NA,,14,214,58
August,LP,DP,NA,,14,214,82
August,LP,DP,NA,,14,214,63.5
August,LP,DP,NA,,14,214,10.5
August,LP,DP,NA,,16,215,85.5
August,LP,DP,NA,,16,215,30
August,LP,DP,NA,,16,215,88
August,LP,DP,NA,,16,215,54.5
August,LP,DP,NA,,16,215,83
August,LP,DP,NA,,18,216,76
August,LP,DP,NA,,18,216,79.5
August,LP,DP,NA,,18,216,127.5
August,LP,DP,NA,,18,216,50.5
August,LP,DP,NA,,18,216,60.5
August,LP,DP,NA,,20,217,97.5
August,LP,DP,NA,,20,217,93
August,LP,DP,NA,,20,217,50.5
August,LP,DP,NA,,20,217,103
August,LP,DP,NA,,20,217,30
August,LP,DP,NA,,22,218,95.5
August,LP,DP,NA,,22,218,114
August,LP,DP,NA,,22,218,26
August,LP,DP,NA,,24,219,109
August,LP,DP,NA,,24,219,110
August,LP,DP,NA,,24,219,35
August,LP,DP,NA,,24,219,88
August,LP,DP,NA,,24,219,48
August,LP,DP,NA,,26,220,89.5
August,LP,DP,NA,,26,220,110
August,LP,DP,NA,,26,220,42
August,LP,DP,NA,,26,220,94.5
August,LP,DP,NA,,26,220,111
August,LP,DP,NA,,28,221,88
August,LP,DP,NA,,28,221,69.5
August,LP,DP,NA,,28,221,36
August,LP,DP,NA,,28,221,18.5
August,LP,DP,NA,,28,221,91.5
August,LP,DP,NA,,30,222,63.5
August,LP,DP,NA,,30,222,49
August,LP,DP,NA,,30,222,48
August,LP,DP,NA,,30,222,61
August,WB,SH,NA,,2,223,175
August,WB,SH,NA,,2,223,143
August,WB,SH,NA,,2,223,110
August,WB,SH,NA,,2,223,181
August,WB,SH,NA,,2,223,162
August,WB,SH,NA,,4,224,115
August,WB,SH,NA,,4,224,163
August,WB,SH,NA,,4,224,154
August,WB,SH,NA,,4,224,161
August,WB,SH,NA,,4,224,170
August,WB,SH,NA,,6,225,157
August,WB,SH,NA,,6,225,118
August,WB,SH,NA,,6,225,123
August,WB,SH,NA,,6,225,70
August,WB,SH,NA,,6,225,136
August,WB,SH,NA,,8,226,112
August,WB,SH,NA,,8,226,120
August,WB,SH,NA,,8,226,70
August,WB,SH,NA,,8,226,155
August,WB,SH,NA,,8,226,185
August,WB,SH,NA,,10,227,170
August,WB,SH,NA,,10,227,177
August,WB,SH,NA,,10,227,176
August,WB,SH,NA,,10,227,178
August,WB,SH,NA,,10,227,176
August,WB,SH,NA,,12,228,158
August,WB,SH,NA,,12,228,92.5
August,WB,SH,NA,,12,228,133
August,WB,SH,NA,,12,228,141
August,WB,SH,NA,,12,228,100
August,WB,SH,NA,,14,229,133
August,WB,SH,NA,,14,229,176
August,WB,SH,NA,,14,229,77
August,WB,SH,NA,,14,229,159
August,WB,SH,NA,,14,229,111.5
August,WB,SH,NA,,16,230,176.5
August,WB,SH,NA,,16,230,125
August,WB,SH,NA,,16,230,133
August,WB,SH,NA,,16,230,89
August,WB,SH,NA,,16,230,166.5
August,WB,SH,NA,,18,231,100
August,WB,SH,NA,,18,231,177.5
August,WB,SH,NA,,18,231,80
August,WB,SH,NA,,18,231,89
August,WB,SH,NA,,18,231,88
August,WB,SH,NA,,20,232,46
August,WB,SH,NA,,20,232,75.5
August,WB,SH,NA,,20,232,129
August,WB,SH,NA,,20,232,7.5
August,WB,SH,NA,,20,232,57
August,WB,SH,NA,,22,233,47
August,WB,SH,NA,,22,233,91
August,WB,SH,NA,,22,233,140
August,WB,SH,NA,,22,233,104
August,WB,SH,NA,,22,233,101.5
August,WB,SH,NA,,26,234,79
August,WB,SH,NA,,26,234,142
August,WB,SH,NA,,26,234,121.5
August,WB,SH,NA,,26,234,68
August,WB,SH,NA,,26,234,112
August,WB,SH,NA,,28,235,137.5
August,WB,SH,NA,,28,235,158
August,WB,SH,NA,,28,235,159.5
August,WB,SH,NA,,28,235,163
August,WB,SH,NA,,28,235,131
August,WB,SH,NA,,30,236,142.5
August,WB,SH,NA,,30,236,153
August,WB,SH,NA,,30,236,133
August,WB,SH,NA,,30,236,178
August,WB,SH,NA,,30,236,169.5
August,WB,SH,NA,,32,237,98
August,WB,SH,NA,,32,237,152
August,WB,SH,NA,,32,237,60
August,WB,SH,NA,,32,237,90
August,WB,SH,NA,,32,237,99
August,WB,DP,NA,,2,238,110
August,WB,DP,NA,,2,238,108
August,WB,DP,NA,,2,238,76
August,WB,DP,NA,,2,238,76.5
August,WB,DP,NA,,2,238,65
August,WB,DP,NA,,4,239,98
August,WB,DP,NA,,4,239,114
August,WB,DP,NA,,4,239,33
August,WB,DP,NA,,4,239,115
August,WB,DP,NA,,4,239,94.5
August,WB,DP,NA,,6,240,120
August,WB,DP,NA,,6,240,136
August,WB,DP,NA,,6,240,144
August,WB,DP,NA,,6,240,144
August,WB,DP,NA,,6,240,114
August,WB,DP,NA,,8,241,103
August,WB,DP,NA,,8,241,113
August,WB,DP,NA,,8,241,52
August,WB,DP,NA,,8,241,101
August,WB,DP,NA,,8,241,98
August,WB,DP,NA,,10,242,84
August,WB,DP,NA,,10,242,95
August,WB,DP,NA,,10,242,103
August,WB,DP,NA,,10,242,74
August,WB,DP,NA,,10,242,23
August,WB,DP,NA,,12,243,111
August,WB,DP,NA,,12,243,82.5
August,WB,DP,NA,,12,243,62.5
August,WB,DP,NA,,12,243,82
August,WB,DP,NA,,12,243,105.5
August,WB,DP,NA,,14,244,138
August,WB,DP,NA,,14,244,21
August,WB,DP,NA,,14,244,86
August,WB,DP,NA,,14,244,88
August,WB,DP,NA,,14,244,25
August,WB,DP,NA,,16,245,14.5
August,WB,DP,NA,,16,245,135.5
August,WB,DP,NA,,16,245,122
August,WB,DP,NA,,16,245,121
August,WB,DP,NA,,16,245,134
August,WB,DP,NA,,18,246,101
August,WB,DP,NA,,18,246,8
August,WB,DP,NA,,18,246,115.5
August,WB,DP,NA,,18,246,81
August,WB,DP,NA,,18,246,123.5
August,WB,DP,NA,,20,247,89
August,WB,DP,NA,,20,247,87
August,WB,DP,NA,,20,247,85
August,WB,DP,NA,,20,247,63
August,WB,DP,NA,,20,247,75.5
August,WB,DP,NA,,22,248,108
August,WB,DP,NA,,22,248,98
August,WB,DP,NA,,22,248,60.5
August,WB,DP,NA,,22,248,78.5
August,WB,DP,NA,,22,248,40
August,WB,DP,NA,,24,249,130.5
August,WB,DP,NA,,24,249,76
August,WB,DP,NA,,24,249,50.5
August,WB,DP,NA,,24,249,92.5
August,WB,DP,NA,,24,249,32
August,WB,DP,NA,,26,250,50.5
August,WB,DP,NA,,26,250,86
August,WB,DP,NA,,26,250,83
August,WB,DP,NA,,26,250,47
August,WB,DP,NA,,26,250,61.5
August,WB,DP,NA,,28,251,46.5
August,WB,DP,NA,,28,251,88.5
August,WB,DP,NA,,28,251,60.5
August,WB,DP,NA,,28,251,55
August,WB,DP,NA,,28,251,32
August,WB,DP,NA,,30,252,89
August,WB,DP,NA,,30,252,55.5
August,WB,DP,NA,,30,252,98
August,WB,DP,NA,,30,252,40
August,WB,DP,NA,,30,252,98.5